Step,AUROC,Precision,Recall,F1 score,Random Seed
3254,0.5,0.1415929203539823,1.0,0.24806201550387597,2
69,0.4793814432989691,0.1415929203539823,1.0,0.24806201550387597,2
7069,0.6572164948453609,0.29411764705882354,0.3125,0.30303030303030304,2
