Step,AUROC,Precision,Recall,F1 score,Random Seed
3499,0.586340206185567,0.1415929203539823,1.0,0.24806201550387597,2
