Step,AUROC,Precision,Recall,F1 score,Random Seed
2799,0.6030927835051546,0.35294117647058826,0.375,0.3636363636363636,2
