Step,AUROC,Precision,Recall,F1 score,Random Seed
2799,0.36404639175257736,0.17647058823529413,0.1875,0.1818181818181818,2
