Step,AUROC,Precision,Recall,F1 score,Random Seed
3254,0.5412371134020618,0.11764705882352941,0.125,0.12121212121212122,2
