Step,AUROC,Precision,Recall,F1 score,Random Seed
3254,0.5412371134020618,0.11764705882352941,0.125,0.12121212121212122,2
69,0.44201030927835055,0.058823529411764705,0.0625,0.06060606060606061,2
7069,0.6050257731958762,0.29411764705882354,0.3125,0.30303030303030304,2
