Step,AUROC,Precision,Recall,F1 score,Random Seed
2799,0.41237113402061853,0.11764705882352941,0.125,0.12121212121212122,2
