Step,AUROC,Precision,Recall,F1 score,Random Seed
3254,0.5257731958762887,0.17647058823529413,0.1875,0.1818181818181818,2
