Step,AUROC,Precision,Recall,F1 score,Random Seed
3254,0.5257731958762887,0.17647058823529413,0.1875,0.1818181818181818,2
69,0.4922680412371134,0.11764705882352941,0.125,0.12121212121212122,2
7069,0.6095360824742269,0.29411764705882354,0.3125,0.30303030303030304,2
