Step,AUROC,Precision,Recall,F1 score,Random Seed
2799,0.4768041237113403,0.23529411764705882,0.25,0.24242424242424243,2
