Step,AUROC,Precision,Recall,F1 score,Random Seed
3499,0.6483569587628866,0.38235294117647056,0.40625,0.393939393939394,2
