Step,AUROC,Precision,Recall,F1 score,Random Seed
3254,0.5695876288659794,0.23529411764705882,0.25,0.24242424242424243,2
69,0.44652061855670105,0.058823529411764705,0.0625,0.06060606060606061,2
7069,0.601159793814433,0.29411764705882354,0.3125,0.30303030303030304,2
