Step,AUROC,Precision,Recall,F1 score,Random Seed
3254,0.5695876288659794,0.23529411764705882,0.25,0.24242424242424243,2
