Step,AUROC,Precision,Recall,F1 score,Random Seed
3254,0.5,0.1415929203539823,1.0,0.24806201550387597,2
