Step,AUROC,Precision,Recall,F1 score,Random Seed
2799,0.5789304123711341,0.23529411764705882,0.25,0.24242424242424243,2
