Step,AUROC,Precision,Recall,F1 score,Random Seed
3254,0.5,0.1415929203539823,1.0,0.24806201550387597,2
69,0.3737113402061856,0.11764705882352941,0.125,0.12121212121212122,2
7069,0.5521907216494845,0.1415929203539823,1.0,0.24806201550387597,2
